component_id,node,component_size
1,Lee2025,7
1,Abbas2025,7
1,Moghaddam2024,7
1,Wang2024,7
1,Robinson2025,7
1,Nichelatti2025,7
1,Bottino2024,7
2,Cheng2025,5
2,Sanmugam2025,5
2,Gupta2025,5
2,Papajorgji2025,5
2,Mutambara2025,5
3,Kova2024,4
3,Solanki2024,4
3,Banh2023,4
3,Carnahan2025,4
4,Ferragina2024,3
4,Suri2022,3
4,Srinivasa2022,3
5,Jo2024,3
5,Daungsupawong2024,3
5,Mohamed2024,3
6,Kohnke2025,2
6,Qamar2025,2
7,Broley2023,2
7,Broley2024,2
8,Aydodu2024,2
8,Kaya2024,2
9,Schreiner2026,2
9,Schreiner2021,2
10,Tamborg2024,2
10,Tamborg2023,2
11,Schulz2021,2
11,Schulz2022,2
12,Wangenheim2024,2
12,Wangenheim2023,2
13,Ayele2024,2
13,Bevendorff2024,2
14,Bordas2024,2
14,Bordas2025,2
15,Oliveira2026,2
15,Santos2025,2
16,entry_1,1
17,Kim2024,1
18,Thida2025,1
19,Ru2025,1
20,Chen2024,1
21,Zhu2025,1
22,Vishnumolakala2024,1
23,Zhao2024,1
24,Sandu2025,1
25,Xia2025,1
26,Jiao2025,1
27,Guo2021,1
28,Davlatova2025,1
29,Schimanke2024,1
30,Dewan2025,1
31,Contreras2024,1
32,Hong2021,1
33,Ciampi2025,1
34,Huang2024,1
35,Zhang2025,1
36,Yang2025,1
37,GuillnYparrea2024,1
38,Li2025,1
39,Xu2024,1
40,Lo2024,1
41,Christou2024,1
42,Zhang2009,1
43,Xue2020,1
44,McMaster2010,1
45,Saenboonsong2024,1
46,Handayani2022,1
47,Wang2023,1
48,Liao2017,1
49,Zhou2023,1
50,Koh2014,1
51,Miller2013,1
52,Vlahovi2023,1
53,Liu2022,1
54,Ahmadi2012,1
55,Chen2021,1
56,Swaid2019,1
57,Yu2019,1
58,Liu2014,1
59,Repenning2016,1
60,Dehbozorgi2024,1
61,Zhao2022,1
62,Nakamura2019,1
63,Stella2021,1
64,Karaka2020,1
65,Deng2009,1
66,AbdelRahem2025,1
67,Qi2025,1
68,Wong2025,1
69,Hurbans2020,1
70,MoralesChan2024,1
71,Misra2023,1
72,Han2025,1
73,Li2024,1
74,Ning2024,1
75,Joskowicz2024,1
76,MoranoOkuno2024,1
77,Leong2025,1
78,Desconocido2024,1
79,Qian2024,1
80,Lin2025,1
81,Zheng2025,1
82,MuozMandujano2023,1
83,Hang2025,1
84,Bonde2024,1
85,Liu2025,1
86,Kong2024,1
87,Wan2025,1
88,Basha2024,1
89,Ma2025,1
90,Rosenthal2025,1
91,Filiz2025,1
92,Chen2025,1
93,Khlaif2025,1
94,Singh2025,1
95,Cingillioglu2024,1
96,Memarian2024,1
97,Mahala2025,1
98,Krishnamoorthy2025,1
99,Fenta2025,1
100,Ren2025,1
101,Zhang2024,1
102,Kim2025,1
103,Tekin2025,1
104,Wang2025,1
105,Sami2025,1
106,Tomeschek2024,1
107,Zha2025,1
108,KohenVacs2025,1
109,Lan2025,1
110,Pandey2025,1
111,Viet2025,1
112,Casebourne2024,1
113,Dong2025,1
114,Xu2025,1
115,Khamis2025,1
116,Ang2025,1
117,Wieczorek2025,1
118,Mishra2025,1
119,Viberg2024,1
120,Daher2025,1
121,Arpaci2025,1
122,Duan2025,1
123,Hopson2025,1
124,Rahman2025,1
125,Zhou2025,1
126,Du2025,1
127,Thurzo2025,1
128,Bohara2024,1
129,Wu2025,1
130,Qian2025,1
131,Meng2025,1
132,Su2024,1
133,Reyes2025,1
134,Kalim2025,1
135,Yusoff2025,1
136,Bellas2024,1
137,Berson2025,1
138,Pellesi2025,1
139,II2025,1
140,Greengrass2024,1
141,Altafi2024,1
142,AlLabadi2025,1
143,Maxwell2025,1
144,Dabis2024,1
145,Sun2025,1
146,Zamir2025,1
147,Usher2025,1
148,Bian2025,1
149,Rezigalla2024,1
150,Black2025,1
151,Campino2024,1
152,HemminkiReijonen2025,1
153,Yan2024,1
154,Khan2025,1
155,Abuadas2025,1
156,Brusilovsky2023,1
157,Biagini2025,1
158,Yu2025,1
159,McGrath2024,1
160,FeldmanMaggor2024,1
161,Paudel2025,1
162,Yu2024,1
163,Dixon2025,1
164,Akolekar2025,1
165,Bayaga2024,1
166,Lund2025,1
167,Baxmann2025,1
168,Chugh2025,1
169,Mulaudzi2025,1
170,Bahmani2025,1
171,Mouta2025,1
172,Sivasakthi2025,1
173,Vukovi2024,1
174,Peters2024,1
175,Zhong2025,1
176,Nygren2025,1
177,Anik2024,1
178,Abdullah2025,1
179,Saarela2025,1
180,Lee2024,1
181,Ltourneau2025,1
182,Akapnar2024,1
183,BergerEstilita2025,1
184,Narciso2024,1
185,Humble2024,1
186,S2025,1
187,Wu2024,1
188,Sarkar2025,1
189,Rismanchian2025,1
190,Tongchai2025,1
191,Machidon2025,1
192,Balkir2025,1
193,Chance2025,1
194,Sabic2024,1
195,Dai2024,1
196,Uckelmann2025,1
197,Delcker2024,1
198,Karimova2024,1
199,Blahopoulou2025,1
200,Busch2024,1
201,McLean2025,1
202,He2025,1
203,Ursava2025,1
204,Michalik2025,1
205,Hong2024,1
206,Labadze2023,1
207,Yim2024,1
208,Strzelecki2024,1
209,Shen2025,1
210,Meinlschmidt2025,1
211,Takefuji2025,1
212,Saqr2024,1
213,Cai2024,1
214,Omeh2024,1
215,Cheung2024,1
216,Mantulenko2025,1
217,Ouyang2023,1
218,Almuhanna2024,1
219,Kalaitzidis2025,1
220,Tubella2023,1
221,Pitas2025,1
222,Heil2025,1
223,Palmquist2025,1
224,Mahade2025,1
225,Umer2025,1
226,Katona2025,1
227,Krause2025,1
228,Theodorio2024,1
229,Alnsour2025,1
230,Atchley2024,1
231,Kuzu2025,1
232,Khadri2024,1
233,MA2024,1
234,Jensen2024,1
235,Dadson2025,1
236,Yan2025,1
237,Ferraioli2026,1
238,Fathi2025,1
239,Trajkovski2025,1
240,CarrascoAguilar2026,1
241,Voultsiou2025,1
242,Li2023,1
243,Nagumo2025,1
244,Durgungoz2025,1
245,AlZahrani2025,1
246,Abdelazim2025,1
247,Castells2025,1
248,Yusuf2025,1
249,Law2025,1
250,Hennekeuser2024,1
251,Coelho2025,1
252,Shahzad2025,1
253,Zheng2024,1
254,Semenov2024,1
255,Kitaguchi2024,1
256,Memarian2023,1
257,Cai2025,1
258,Kim2023,1
259,Alsharari2025,1
260,Usher2024,1
261,Zhang2023,1
262,Chan2025,1
263,BabaciWilhite2025,1
264,Khoshgoftar2024,1
265,Hashemi2024,1
266,Hollanek2025,1
267,Sanders2024,1
268,Chanda2025,1
269,Velsquez2025,1
270,Okamoto2025,1
271,Bulut2025,1
272,Ha2025,1
273,Essien2024,1
274,Letteri2025,1
275,Clark2025,1
276,Dahri2024,1
277,Bratovcic2025,1
278,Ye2025,1
279,Ying2025,1
280,AbouKhalil2025,1
281,Saihi2024,1
282,Malhotra2026,1
283,Rogerson2025,1
284,Tang2025,1
285,Santonocito2025,1
286,Buddarapu2025,1
287,Dekker2024,1
288,DaFonte2025,1
289,AlThani2025,1
290,Hammood2026,1
291,Papadakis2025,1
292,Yetiensoy2024,1
293,Pierrs2024,1
294,Pratschke2024,1
295,Anastasi2024,1
296,Veletsianos2024,1
297,Lane2023,1
298,Fang2024,1
299,Lia2024,1
300,Liu2024,1
301,Alkan2025,1
302,Habibi2025,1
303,Tong2024,1
304,Coppi2025,1
305,Shahzad2024,1
306,Bellas2025,1
307,Almukharreq2026,1
308,Manic2025,1
309,Moulin2024,1
310,Lahby2025,1
311,Ardila2025,1
312,Reimann2026,1
313,Borgnakke2025,1
314,Beli2024,1
315,Kazoun2025,1
316,Kilianova2025,1
317,Toyokawa2023,1
318,Gkearslan2025,1
319,Bentley2025,1
320,Chopra2025,1
321,Saifi2025,1
322,Kumar2025,1
323,Wut2025,1
324,Latif2025,1
325,Moradi2025,1
326,Oustamanolakis2025,1
327,Hoang2025,1
328,Niemi2024,1
329,Paludo2025,1
330,McKnight2024,1
331,Marey2025,1
332,Bundgaard2025,1
333,Saba2025,1
334,Chakraborty2024,1
335,Martinovic2025,1
336,Angelis2025,1
337,Ashwani2025,1
338,Vkev2025,1
339,Sperling2023,1
340,Luz2025,1
341,Jnior2026,1
342,Salloum2024,1
343,Allaymoun2024,1
344,Walter2024,1
345,Sepanloo2025,1
346,Zhu2024,1
347,Yousef2025,1
348,Um2023,1
349,An2025,1
350,Marwah2025,1
351,Zhao2025,1
352,Qiu2025,1
353,Tyagi2024,1
354,Maqbool2025,1
355,AydinGnbatar2025,1
356,Xiao2025,1
357,Barrot2025,1
358,Stogiannos2025,1
359,ern2024,1
360,Covington2024,1
361,Edwards2025,1
362,Bako2026,1
363,Aho2025,1
364,Erhardt2025,1
365,Chan2023,1
366,Azoulay2025,1
367,Mandal2025,1
368,Engeness2026,1
369,Divekar2025,1
370,Cain2023,1
371,Tzirides2024,1
372,Iryna2025,1
373,ela2025,1
374,Gabriel2025,1
375,Allen2025,1
376,Beghetto2025,1
377,Sidorova2025,1
378,Naseri2024,1
379,Sperling2025,1
380,Hidalgo2024,1
381,Bottrighi2025,1
382,Nahar2025,1
383,Bajahzar2024,1
384,Karata2024,1
385,Cox2025,1
386,Levin2025,1
387,Aln2025,1
388,Hsu2025,1
389,Tolis2025,1
390,Farber2025,1
391,Chiu2025,1
392,Sparrow2025,1
393,Mack2025,1
394,SioumalasChristodoulou2025,1
395,Kamali2024,1
396,Beirovi2025,1
397,Huang2023,1
398,Saini2025,1
399,Watson2024,1
400,Tomczyk2025,1
401,Hughes2025,1
402,Kikutadze2025,1
403,Yahchouchi2025,1
404,Taibi2025,1
405,Akbarighatar2025,1
406,Marouf2025,1
407,Nayak2024,1
408,Katake2024,1
409,Ftterer2023,1
410,Renz2023,1
411,Kurian2025,1
412,Estrada2026,1
413,Hortal2025,1
414,Retscher2024,1
415,Kotter2025,1
416,Mehdian2025,1
417,ammit2025,1
418,Elia2025,1
419,Zhuang2025,1
420,Elnaem2025,1
421,Rani2024,1
422,Fan2025,1
423,Guo2025,1
424,Xing2025,1
425,Gamberini2025,1
426,Kabashkin2025,1
427,SnchezGmez2026,1
428,Nagpal2024,1
429,Tenrio2025,1
430,Tasneem2025,1
431,Singh2024,1
432,McDermott2025,1
433,PerezAlvarez2024,1
434,Mathew2025,1
435,Lv2023,1
436,Chauhan2024,1
437,Akhmetshin2024,1
438,Fedele2025,1
439,Dong2024,1
440,Agboola2025,1
441,Jarry2025,1
442,Rau2025,1
443,Meegan2025,1
444,Naik2024,1
445,Kourkoulou2024,1
446,Garamyan2025,1
447,Setyaning2025,1
448,Bannor2025,1
449,Mayasari2025,1
450,Deepshikha2025,1
451,Rizvi2025,1
452,Islam2024,1
453,Varas2025,1
454,Duda2026,1
455,Feng2026,1
456,Pouresmaeil2025,1
457,Chan2024,1
458,Marengo2024,1
459,Jost2025,1
460,Huang2025,1
461,Aeni2025,1
462,Alzubi2025,1
463,Romeo2025,1
464,Por2025,1
465,Iqbal2025,1
466,Souza2025,1
467,Mannila2025,1
468,Vasou2025,1
469,Jindal2024,1
470,Sebestyn2025,1
471,Heeg2024,1
472,Schlarb2024,1
473,Busch2025,1
474,Bi2025,1
475,Velander2023,1
476,Razmerita2025,1
477,Triantafyllou2025,1
478,Cesaroni2025,1
479,Shimada2025,1
480,Supe2025,1
481,Rashdi2025,1
482,Miyazaki2025,1
483,Puthipiroj2025,1
484,Vassileva2026,1
485,Gner2025,1
486,Dumagay2025,1
487,Ezziyyani2025,1
488,Mullan2024,1
489,Miles2025,1
490,Sporrong2024,1
491,Long2025,1
492,Lpez2025,1
493,Andersen2026,1
494,Gapol2025,1
495,Alkalbani2025,1
496,Marconi2025,1
497,Ondrusch2025,1
498,Schn2025,1
499,Luo2025,1
500,Karran2025,1
501,Sarmiento2025,1
502,Thorat2026,1
503,George2025,1
504,Brandtzaeg2025,1
505,Bakthavatchaalam2024,1
506,Magyary2025,1
507,Gouveia2025,1
508,Sjberg2025,1
509,Roe2025,1
510,Rajamki2025,1
511,Badawy2025,1
512,Kurni2023,1
513,Mantello2024,1
514,Acim2025,1
515,Mezina2025,1
516,tefk2025,1
517,Armony2024,1
518,Cheung2025,1
519,Fitas2025,1
520,Shwedeh2024,1
521,Phung2025,1
522,Marble2025,1
523,Brandhofer2025,1
524,Taneja2025,1
525,Curtis2024,1
526,Garcia2026,1
527,Ching2024,1
528,Gozum2024,1
529,Murgia2024,1
530,Jing2025,1
531,Perkins2023,1
532,Hswen2025,1
533,Nwagbara2025,1
534,Ryan2024,1
535,GarciaPi2025,1
536,Nazaretsky2024,1
537,Tchibozo2025,1
538,Bosch2025,1
539,Farida2025,1
540,Mei2024,1
541,Goslen2025,1
542,MuellerCsernetzky2025,1
543,Khine2024,1
544,Camargo2025,1
545,PieraCastro2025,1
546,Kkuncular2024,1
547,Kilinc2025,1
548,Lively2025,1
549,Ardimento2025,1
550,Yim2025,1
551,Chung2024,1
552,Deng2025,1
553,Awashreh2025,1
554,Khiem2024,1
555,Bauer2025,1
556,Chang2025,1
557,Reihanian2025,1
558,Dabbagh2024,1
559,Sajja2025,1
560,Sidiropoulos2024,1
561,Kolade2026,1
562,Fu2024,1
563,Sabbagh2025,1
564,Cordero2025,1
565,Marina2025,1
566,Almalki2025,1
567,Pfluegel2024,1
568,Lin2023,1
569,Tjano2025,1
570,Tlais2025,1
571,Marchiori2025,1
572,Thompson2024,1
573,Lysova2025,1
574,Komasawa2025,1
575,Beniwal2025,1
576,Choi2025,1
577,Assante2024,1
578,Khojah2025,1
579,Bouziane2024,1
580,Divya2025,1
581,Gholiagha2025,1
582,Yue2025,1
583,Islamutdinov2024,1
584,Peng2025,1
585,Coleman2025,1
586,Faizin2025,1
587,Avanesh2024,1
588,Low2025,1
589,Silva2024,1
590,Salama2025,1
591,Gambo2024,1
592,Su2025,1
593,Nascimento2025,1
594,Chudziak2025,1
595,Almarzouki2025,1
596,Siu2025,1
597,Nozaki2025,1
598,Wen2025,1
599,Ocay2025,1
600,Barnawi2025,1
601,Williams2024,1
602,Unal2025,1
603,Thompson2025,1
604,Diebel2025,1
605,Yetiensoy2025,1
606,Pavletich2025,1
607,Karpatne2025,1
608,Vikas2025,1
609,Hu2024,1
610,Sinha2025,1
611,Darancik2025,1
612,Najeeb2025,1
613,Orlova2025,1
614,Salloum2025,1
615,Sammer2024,1
616,Marn2025,1
617,SchneiderKamp2025,1
618,Gu2024,1
619,Liang2024,1
620,Smith2025,1
621,Kolarov2025,1
622,Wilczek2024,1
623,Johnson2025,1
624,Lu2024,1
625,Bdi2025,1
626,Du2024,1
627,Baeyaert2025,1
628,Eger2025,1
629,Kyrimi2025,1
630,Asamoah2025,1
631,Vorbach2025,1
632,OfosuAmpong2024,1
633,Rao2025,1
634,Shi2025,1
635,Valentine2025,1
636,Hu2025,1
637,Ayanwale2024,1
638,Voulgari2024,1
639,Tammeleht2025,1
640,Allen2024,1
641,Chiu2024,1
642,Ebner2025,1
643,Mussgnug2025,1
644,Daou2025,1
645,Kundu2025,1
646,Ossa2024,1
647,Priya2025,1
648,Gmez2026,1
649,Sung2025,1
650,Sharma2024,1
651,Sun2024,1
652,Mgelvang2025,1
653,Zhai2025,1
654,Veltmeijer2025,1
655,Cappelli2024,1
656,Beerends2024,1
657,Arshad2025,1
658,NaamatiSchneider2025,1
659,Ali2025,1
660,Ray2024,1
661,Marino2025,1
662,Omeh2025,1
663,Harte2025,1
664,Rincn2025,1
665,Kestin2025,1
666,Behrens2024,1
667,Chalupa2024,1
668,Rapanta2025,1
669,Wazan2024,1
670,Montag2025,1
671,Kathala2024,1
672,Comeau2025,1
673,Weichert2025,1
674,Verhelst2025,1
675,Bahir2024,1
676,Lelis2026,1
677,Morosoli2025,1
678,Park2025,1
679,Shamsuddin2025,1
680,AlChaer2024,1
681,Venugopal2025,1
682,Thesen2025,1
683,Marey2024,1
684,Hamam2025,1
685,Alzghaibi2025,1
686,Xu2022,1
687,Martucci2025,1
688,Zuo2025,1
689,Desconocido2025,1
690,Schlemmer2025,1
691,Thangasamy2025,1
692,Lanne2025,1
693,Palenski2024,1
694,Manopiniwes2026,1
695,Ma2024,1
696,HirschKreinsen2023,1
697,KukulskaHulme2025,1
698,Shaban2025,1
699,Ohashi2024,1
700,Pang2025,1
701,Zidoun2024,1
702,Tan2024,1
703,Voutyrakou2025,1
704,Cherner2024,1
705,Auliya2024,1
706,Shyshkina2025,1
707,Rawas2024,1
708,Parmar2025,1
709,Herzog2024,1
710,Laupichler2024,1
711,Gray2025,1
712,Gupta2024,1
713,Tilak2025,1
714,Wells2024,1
715,Williams2026,1
716,KostickQuenet2025,1
717,Argotty2026,1
718,Afreen2025,1
719,Waykar2025,1
720,Thesen2024,1
721,Ifenthaler2024,1
722,Ravi2025,1
723,Niu2025,1
724,Kizilcec2025,1
725,Irwanto2025,1
726,Rouzrokh2025,1
727,Kong2025,1
728,Waltzer2024,1
729,Morey2025,1
730,Verboom2025,1
731,Goyanes2025,1
732,Sincari2024,1
733,Kaya2025,1
734,Varun2025,1
735,Hung2025,1
736,Ghimire2024,1
737,Pariso2025,1
738,Hilliard2024,1
739,Uluda2025,1
740,Hong2025,1
741,Thaldar2025,1
742,Uddin2025,1
743,Chu2025,1
744,Bignami2025,1
745,Muyskens2024,1
746,Karches2025,1
747,Farhad2025,1
748,Ameur2025,1
749,Khojasteh2025,1
750,Ateriya2025,1
751,Durn2025,1
752,Cruz2025,1
753,Koopman2024,1
754,Lampropoulos2025,1
755,Ahmed2025,1
756,Hidalgo2025,1
757,Polozhentseva2025,1
758,Feichtenbeiner2025,1
759,Lasaraiya2025,1
760,Bhiri2025,1
761,Padhani2025,1
762,Barrit2025,1
763,Nweke2025,1
764,Kinachtchouk2024,1
765,Liew2025,1
766,Bellot2025,1
767,Vallverd2025,1
768,ElFarahaty2025,1
769,Abbes2024,1
770,Wong2024,1
771,Razak2024,1
772,Pitura2024,1
773,Hsia2025,1
774,Wu2023,1
775,Asghar2025,1
776,Lin2024,1
777,Lu2025,1
778,Whig2024,1
779,Rodafinos2024,1
780,Sreenath2024,1
781,Santoianni2025,1
782,Mohamed2026,1
783,Kadam2026,1
784,Atadika2024,1
785,Brandtzaeg2024,1
786,BowenWithington2025,1
787,You2025,1
788,Adarkwah2025,1
789,Falebita2024,1
790,Yusuf2024,1
791,MarnLpez2025,1
792,Shaw2025,1
793,Alanazi2025,1
794,Duke2025,1
795,Jensen2025,1
796,Ragonis2024,1
797,ZapataCceres2024,1
798,KaraZorluoglu2025,1
799,Sari2025,1
800,avu2025,1
801,Grizioti2025,1
802,Palop2025,1
803,Choi2024,1
804,Pan2024,1
805,Appiah2025,1
806,Duckworth2025,1
807,Guan2025,1
808,Akbaritabar2024,1
809,Matthews2025,1
810,ahin2025,1
811,Christensen2024,1
812,Espinal2025,1
813,Ezeamuzie2024,1
814,Leung2024,1
815,Halaman2024,1
816,Trishaank2025,1
817,Xing2024,1
818,Lei2024,1
819,Putra2025,1
820,AYTEKN2024,1
821,Gu2025,1
822,Xiang2025,1
823,Chaabi2025,1
824,EstherdelMoralPrez2025,1
825,Hsu2024,1
826,Adorni2025,1
827,Gong2025,1
828,Vasconcelos2025,1
829,Cafarella2024,1
830,Cantlon2024,1
831,Cujdikova2025,1
832,Vourletsis2024,1
833,Sunday2025,1
834,Hong2023,1
835,Fei2025,1
836,Peel2024,1
837,Fang2025,1
838,enel2024,1
839,Escaleira2025,1
840,Yuana2025,1
841,Kwon2025,1
842,Gerini2024,1
843,Beatty2024,1
844,Bowers2024,1
845,Geng2024,1
846,Assaf2024,1
847,Nannim2023,1
848,Vourletsis2025,1
849,Jeon2024,1
850,Tscholl2025,1
851,Zeng2024,1
852,akirolu2024,1
853,SalaSebasti2025,1
854,Bscher2024,1
855,Vassallo2025,1
856,Shin2024,1
857,Sarmasgi2024,1
858,Dabholkar2025,1
859,MarcumDietrich2024,1
860,Batni2024,1
861,Kkaydn2023,1
862,Jin2024,1
863,Sarmasgi2025,1
864,Junior2024,1
865,Metin2024,1
866,Lee2023,1
867,Kerimbayev2023,1
868,Sunday2024,1
869,Jha2024,1
870,Gigliotta2025,1
871,Gke2022,1
872,Pedwell2023,1
873,Varghese2023,1
874,Lore2023,1
875,Syso2025,1
876,Adanr2023,1
877,Falcn2023,1
878,Murcia2024,1
879,Chang2023,1
880,Cai2023,1
881,Zhou2024,1
882,Leonard2023,1
883,Quinn2023,1
884,Konstantina2025,1
885,Acosta2023,1
886,Rao2024,1
887,Kaur2023,1
888,Macann2025,1
889,Qian2022,1
890,Tang2024,1
891,TofelGrehl2022,1
892,Chytas2024,1
893,Cheng2023,1
894,Christensen2022,1
895,LpezCaudana2024,1
896,Nayak2025,1
897,Aytekin2023,1
898,ElHamamsy2025,1
899,Borkulo2023,1
900,Alqahtani2024,1
901,Chen2023,1
902,Durak2022,1
903,Labusch2024,1
904,Tsingidou2025,1
905,Kkaydn2024,1
906,Seckel2023,1
907,Gao2025,1
908,Sun2023,1
909,Kurt2024,1
910,Krause2023,1
911,Arajo2024,1
912,Tawfik2022,1
913,Jocius2025,1
914,Arslanolu2023,1
915,Zakwandi2023,1
916,Ng2023,1
917,Shang2023,1
918,LpezCaudana2025,1
919,Rensburg2024,1
920,JucaAulestia2024,1
921,Saritepeci2024,1
922,Payne2022,1
923,en2022,1
924,Ching2023,1
925,Shin2022,1
926,Looi2023,1
927,Lehtimki2026,1
928,Mergianian2026,1
929,Hu2023,1
930,zci2024,1
931,Tariq2025,1
932,Meaney2024,1
933,Dong2023,1
934,Kang2022,1
935,Giannakoulas2023,1
936,Parekh2024,1
937,Arslanta2024,1
938,Thakkar2025,1
939,Ramanujam2025,1
940,Guggemos2024,1
941,Moreno2024,1
942,Mannari2025,1
943,Weintrop2022,1
944,Yeh2024,1
945,ValenzuelaArvizu2025,1
946,zdoru2024,1
947,Frgt2025,1
948,Huang2022,1
949,Fanchamps2023,1
950,Yu2023,1
951,Pinheiro2025,1
952,Cammarota2025,1
953,Jin2023,1
954,Liao2022,1
955,Pinto2024,1
956,Bilgic2023,1
957,MoralesHernndez2024,1
958,Uslu2024,1
959,Jiang2022,1
960,Sanz2026,1
961,Adler2022,1
962,Zheng2022,1
963,BreitfussHorner2023,1
964,Reischies2025,1
965,Joaquim2025,1
966,Luo2023,1
967,Rich2022,1
968,Lindenfors2024,1
969,Bhurkunde2025,1
970,Gao2023,1
971,Tikva2022,1
972,Oswald2023,1
973,Schwartz2023,1
974,CrawfordVisbal2025,1
975,Dunne2025,1
976,RamrezMontoya2025,1
977,Joo2024,1
978,Uslu2022,1
979,TeneTenempaguay2023,1
980,Zhou2022,1
981,Williams2025,1
982,Fu2023,1
983,JimnezGonzlez2026,1
984,Zitouniatis2022,1
985,Hachmann2022,1
986,Nie2025,1
987,Penney2024,1
988,Boom2022,1
989,Date2024,1
990,Ganapini2025,1
991,Bonani2023,1
992,Hanid2022,1
993,Parve2023,1
994,Schulz2024,1
995,Agbo2023,1
996,Bratitsis2024,1
997,Fukui2025,1
998,Jukeviien2023,1
999,Kl2022,1
1000,Dohn2022,1
1001,Kaarto2025,1
1002,Urayama2024,1
1003,Lv2022,1
1004,Joo2023,1
1005,Jimnez2024,1
1006,Liu2026,1
1007,Fanchamps2022,1
1008,Peel2022,1
1009,RodriguezMartinez2024,1
1010,ALShammari2025,1
1011,Avc2022,1
1012,Venkatachalam2023,1
1013,Yakin2024,1
1014,Batham2023,1
1015,Mumcu2022,1
1016,McLaughlin2025,1
1017,Scholz2025,1
1018,Hansen2023,1
1019,Lee2022,1
1020,Mig2025,1
1021,NezNaranjo2023,1
1022,Ye2023,1
1023,Chaabi2024,1
1024,Kaup2023,1
1025,Tikva2024,1
1026,akrolu2025,1
1027,Love2022,1
1028,Guggemos2022,1
1029,Park2022,1
1030,Pena2025,1
1031,Washbrooke2024,1
1032,Kert2022,1
1033,Agbo2022,1
1034,Muthmainnah2025,1
1035,SanabriaZ2025,1
1036,Jocius2022,1
1037,Christensen2023,1
1038,Ozyurt2022,1
1039,Sandhu2025,1
1040,Fabio2024,1
1041,Kong2022,1
1042,PittaPantazi2024,1
1043,Yamamori2024,1
1044,Ormanci2025,1
1045,Ye2024,1
1046,Muoz2024,1
1047,Havenga2023,1
1048,Arroyo2022,1
1049,Melnikoff2024,1
1050,Sung2022,1
1051,Fukui2024,1
1052,Lombardi2024,1
1053,Brooks2024,1
1054,Chiang2022,1
1055,Kuo2024,1
1056,Abar2024,1
1057,Sapounidis2024,1
1058,SanabriaZ2023,1
1059,Nordby2022,1
1060,Gao2022,1
1061,Mayne2023,1
1062,Hsu2022,1
1063,Raikov2024,1
1064,Lehmann2023,1
1065,Hadjerrouit2024,1
1066,Trung2024,1
1067,QudratUllah2025,1
1068,Lu2022,1
1069,MedinaVidal2025,1
1070,Hoya2024,1
1071,Katchapakirin2022,1
1072,Zahn2023,1
1073,Wong2023,1
1074,Claerhout2026,1
1075,Tierens2025,1
1076,Yksel2025,1
1077,Tamborg2022,1
1078,Kerruish2024,1
1079,Lima2023,1
1080,Santos2023,1
1081,Beyer2023,1
1082,Hwang2023,1
1083,Glendell2025,1
1084,Song2024,1
1085,Aranda2022,1
1086,Lufer2024,1
1087,Zerega2025,1
1088,Asgari2026,1
1089,Orakc2024,1
1090,Gefen2024,1
1091,Labusch2023,1
1092,Adam2025,1
1093,Bergen2024,1
1094,Wang2022,1
1095,Delzanno2023,1
1096,Arvanitakis2024,1
1097,Haubrock2024,1
1098,Cheng2024,1
1099,Psycharis2023,1
1100,Bal2022,1
1101,Dori2023,1
1102,Kirali2022,1
1103,Zaman2024,1
1104,Duran2024,1
1105,Suzuki2023,1
1106,Markowitz2024,1
1107,Zhang2022,1
1108,PealozaOchoa2023,1
1109,Muliyati2021,1
1110,Sari2024,1
1111,Yao2025,1
1112,Kontorovich2024,1
1113,Chatzipanagiotou2025,1
1114,Marwala2024,1
1115,Kirwan2022,1
1116,Bowers2023,1
1117,Hegde2023,1
1118,Burken2025,1
1119,Stanovich2025,1
1120,Velankar2024,1
1121,Wang2021,1
1122,Zavlis2025,1
1123,Murti2023,1
1124,Polat2022,1
1125,Hazzan2023,1
1126,Kamak2023,1
1127,Vallverd2024,1
1128,Kirkpatrick2026,1
1129,Urhan2022,1
1130,Ando2024,1
1131,Kadijevich2023,1
1132,Shin2021,1
1133,Puccetti2024,1
1134,Battistello2025,1
1135,akirolu2022,1
1136,Hariyanto2025,1
1137,MorenoRodriguez2025,1
1138,Polat2025,1
1139,Bunt2025,1
1140,KastnerHauler2025,1
1141,AlfaroPonce2024,1
1142,Rajan2024,1
1143,Chaudhuri2025,1
1144,Bacalja2024,1
1145,Berwian2025,1
1146,Lavalley2025,1
1147,Mrch2022,1
1148,Shugars2024,1
1149,Eidin2023,1
1150,LindeKoomen2023,1
1151,Jiang2021,1
1152,LopezParra2024,1
1153,Sternberg2025,1
1154,Bati2021,1
1155,White2023,1
1156,Betty2023,1
1157,Dubois2023,1
1158,Brmer2023,1
1159,Murphy2023,1
1160,Kong2021,1
1161,Bharathi2024,1
1162,enda2023,1
1163,Yin2022,1
1164,English2023,1
1165,Berry2025,1
1166,Furuta2023,1
1167,CruzSandoval2023,1
1168,Magana2024,1
1169,Gibson2024,1
1170,Chimoni2023,1
1171,Cunha2023,1
1172,Hubert2024,1
1173,White2025,1
1174,Ark2021,1
1175,Gong2023,1
1176,Broodbank2025,1
1177,CurtisTrudel2023,1
1178,Munyebvu2025,1
1179,Han2024,1
1180,Moongela2025,1
1181,Menolli2021,1
1182,Lee2021,1
1183,Larkin2022,1
1184,Ding2023,1
1185,PrezSuasnavas2023,1
1186,Nuttall2025,1
1187,Farr2025,1
1188,Chiriatti2024,1
1189,Li2022,1
1190,Luhar2025,1
1191,Fanchamps2021,1
1192,Xie2025,1
1193,Tankiz2022,1
1194,Garmire2024,1
1195,Andersen2025,1
1196,Stokes2023,1
1197,Chowdhary2025,1
1198,Gelepithis2024,1
1199,RuizDolz2025,1
1200,Kaup2022,1
1201,Zerega2023,1
1202,Fehrmann2023,1
1203,Louka2023,1
1204,Brandhofer2022,1
1205,Koivisto2023,1
1206,Ball2024,1
1207,Strubbe2024,1
1208,Grandolfo2025,1
1209,Tekdal2021,1
1210,Baumler2024,1
1211,Ravindran2025,1
1212,Suciati2023,1
1213,Odgaard2022,1
1214,Brooks2023,1
1215,Leo2025,1
1216,Forestal2025,1
1217,Yin2023,1
1218,RobledoCastro2023,1
1219,Bagler2024,1
1220,Levin2022,1
1221,Saba2023,1
1222,Favero2025,1
1223,Feklistova2025,1
1224,Mmmel2025,1
1225,Lodi2021,1
1226,Nurhayati2022,1
1227,MasiulionytDagien2022,1
1228,Vlassis2022,1
1229,Ayub2023,1
1230,Khayut2024,1
1231,DeJarnette2021,1
1232,Shah2025,1
1233,Granato2025,1
1234,Ma2021,1
1235,Lonard2022,1
1236,Critten2021,1
1237,Thapa2025,1
1238,McCormick2021,1
1239,Durak2023,1
1240,Datwani2022,1
1241,Sims2025,1
1242,Staub2026,1
1243,Durak2021,1
1244,Fox2024,1
1245,Martn2024,1
1246,Sobchuk2024,1
1247,Chi2023,1
1248,Kerschen2023,1
1249,Radloff2021,1
1250,Smith2021,1
1251,Xu2021,1
1252,Kieran2022,1
1253,Ito2025,1
1254,Ghasemi2024,1
1255,Danaeifar2024,1
1256,Reijers2025,1
1257,Thomas2025,1
1258,Thabvithorn2022,1
1259,Genco2024,1
1260,Silver2025,1
1261,Ge2025,1
1262,Kotsopoulos2021,1
1263,Hazarika2025,1
1264,Mailund2021,1
1265,Mentzer2023,1
1266,Muthmainnah2023,1
1267,Koenen2024,1
1268,Buehler2025,1
1269,Aires2024,1
1270,VillaOchoa2022,1
1271,Dopkins2024,1
1272,Stenseke2024,1
1273,Ani2023,1
1274,Angelidakis2024,1
1275,Gero2024,1
1276,Xu2023,1
1277,Taherdoost2025,1
1278,Baweja2025,1
1279,Stancliffe2025,1
1280,Stade2023,1
1281,Qu2021,1
1282,Auernhammer2023,1
1283,Chevalier2022,1
1284,Ganjali2023,1
1285,Harishree2025,1
1286,Fredskilde2025,1
1287,Bennett2024,1
1288,Peuela2025,1
1289,Yehudi2023,1
1290,Stamkou2024,1
1291,Cuomo2025,1
1292,Atekan2021,1
1293,Freye2025,1
1294,OlmoMuoz2021,1
1295,Fuentes2024,1
1296,Cabrera2023,1
1297,Kandlhofer2023,1
1298,Yuan2024,1
1299,Carmona2022,1
1300,Koumoutsakos2024,1
1301,Bielik2023,1
1302,Moghadam2024,1
1303,Tunney2024,1
1304,ernochov2022,1
1305,Caianiello2023,1
1306,Haughton2023,1
1307,Vourletsis2022,1
1308,Niemel2022,1
1309,Katai2021,1
1310,Todorovski2023,1
1311,Linde2022,1
1312,Kynigos2023,1
1313,Ikegwu2023,1
1314,Wei2024,1
1315,Leal2024,1
1316,Spieler2022,1
1317,Sood2025,1
1318,Jenkinson2024,1
1319,Ebadpour2024,1
1320,Gabatino2022,1
1321,Patio2023,1
1322,Covitt2023,1
1323,Elshahawy2022,1
1324,Chiara2025,1
1325,Wan2024,1
1326,Saritepeci2021,1
1327,Young2024,1
1328,Mungle2025,1
1329,DodigCrnkovic2024,1
1330,Boutiche2023,1
1331,Lavino2024,1
1332,Alvarado2023,1
1333,Ang2021,1
1334,Eswaran2025,1
1335,Gastaldi2024,1
1336,Beckmann2023,1
1337,Osman2024,1
1338,Douven2023,1
1339,Romero2025,1
1340,Zanders2025,1
1341,Lenz2022,1
1342,Heisel2024,1
1343,Bai2023,1
1344,Desconocido2023,1
1345,Mir2024,1
1346,Yakin2025,1
1347,Sevik2022,1
1348,Loconte2025,1
1349,Yazdi2024,1
1350,Calderon2022,1
1351,Papadopoulou2022,1
1352,Bansal2024,1
1353,Mehta2025,1
1354,Scheller2022,1
1355,Simpson2024,1
1356,Fitzpatrick2025,1
1357,Roth2025,1
1358,Dervishaj2023,1
1359,Bradshaw2022,1
1360,Bers2025,1
1361,Cerovac2023,1
1362,Cugliana2024,1
1363,Moya2023,1
1364,Thomsen2022,1
1365,Canbalolu2023,1
1366,Papalambros2024,1
1367,Christensen2020,1
1368,Pengfei2025,1
1369,Anwar2022,1
1370,Giannini2024,1
1371,Hava2021,1
1372,GarcaMartnez2023,1
1373,Berciano2024,1
1374,Kane2024,1
1375,Lim2024,1
1376,SanchezAnguix2023,1
1377,Keane2023,1
1378,Yohannes2024,1
1379,Fradkin2024,1
1380,Qi2023,1
1381,Matzko2024,1
1382,Baladron2023,1
1383,Li2020,1
1384,Watarai2023,1
1385,Hadjerrouit2022,1
1386,Hocker2025,1
1387,Kruse2023,1
1388,Ambrozy2023,1
1389,Bate2025,1
1390,Gaki2023,1
1391,Ren2024,1
1392,Pecora2026,1
1393,Agbo2021,1
1394,Anthis2025,1
1395,Jost2024,1
1396,Waszek2023,1
1397,Alves2023,1
1398,Eckert2025,1
1399,Broeker2023,1
1400,Corni2024,1
1401,Maheshwari2025,1
1402,Bowden2024,1
1403,Shofty2022,1
1404,Vsquez2024,1
1405,Farag2023,1
1406,Sophocleous2024,1
1407,Cox2024,1
1408,RomeroRodrguez2023,1
1409,lvarezHerrero2022,1
1410,Palmiero2022,1
1411,Owhadi2022,1
1412,Hsieh2025,1
1413,Elmer2023,1
1414,Nourani2024,1
1415,Sar2022,1
1416,Caires2024,1
1417,Silva2023,1
1418,Margetts2023,1
1419,Issa2023,1
1420,Murti2022,1
1421,Kopcha2020,1
1422,Boulden2021,1
1423,Sikstrm2023,1
1424,Karpacheva2025,1
1425,PinachoDavidson2024,1
1426,Ahlawat2024,1
1427,Mrch2023,1
1428,Datta2025,1
1429,VzquezParra2024,1
1430,Smith2022,1
1431,Gabaov2025,1
1432,JacynaGolda2024,1
1433,Anjum2025,1
1434,Reyna2023,1
1435,Herodotou2025,1
1436,Xue2025,1
1437,Kiwelekar2021,1
1438,Triantafyllou2024,1
1439,Rongrong2022,1
1440,Sikstrm2024,1
1441,Gravel2022,1
1442,Tiwary2022,1
1443,Shafik2024,1
1444,OstrowskaWawryniuk2022,1
1445,Perez2025,1
1446,Burrows2023,1
1447,Gervasi2023,1
1448,Macchi2022,1
1449,Sateeshchandra2025,1
1450,Poulakis2021,1
1451,Shoaib2022,1
1452,He2023,1
1453,Loia2023,1
1454,McCloskey2023,1
1455,AlZrigat2025,1
1456,Berezsky2023,1
1457,Derraz2024,1
1458,Lloyd2020,1
1459,Bodrunova2024,1
1460,Lamba2022,1
1461,Meinhardt2024,1
1462,Bi2024,1
1463,ZolghadrAsli2023,1
1464,Tseng2022,1
1465,Srakaya2020,1
1466,Gerick2022,1
1467,Neubauer2023,1
1468,Noguchi2022,1
1469,Vroom2022,1
1470,Murthy2023,1
1471,Xia2021,1
1472,Gro2024,1
1473,Mirams2023,1
1474,Piccolo2024,1
1475,Abdelshiheed2024,1
1476,Kwon2021,1
1477,Yang2023,1
1478,Cho2022,1
1479,Swiecki2024,1
1480,P2025,1
1481,Buteau2025,1
1482,Ganapini2023,1
1483,Plant2022,1
1484,Neuhaus2024,1
1485,Kavashev2025,1
1486,Yang2022,1
1487,Pietarinen2024,1
1488,Lamb2020,1
1489,Matthiessen2022,1
1490,Danese2023,1
1491,Colao2021,1
1492,Taher2025,1
1493,Silvennoinen2023,1
1494,Rautela2024,1
1495,Ehsan2020,1
1496,akr2021,1
1497,Willett2022,1
1498,Latto2024,1
1499,Bottino2023,1
1500,Valdez2022,1
1501,Silva2021,1
1502,Soto2022,1
1503,Chan2020,1
1504,Bykyazgan2021,1
1505,Krishna2025,1
1506,Ganchrow2024,1
1507,Muggleton2025,1
1508,Koolman2025,1
1509,Brosseau2023,1
1510,Masys2024,1
1511,Harrison2023,1
1512,Mamaev2026,1
1513,Leslie2023,1
1514,Granato2022,1
1515,Ferov2025,1
1516,Maezono2023,1
1517,Cabarle2024,1
1518,Lizzadri2024,1
1519,Moreno2025,1
1520,Self2022,1
1521,Wehrheim2024,1
1522,Macuglia2022,1
1523,Parvizi2023,1
1524,Ho2022,1
1525,Wen2022,1
1526,Zerpa2024,1
1527,Hofman2021,1
1528,Doo2026,1
1529,Siegel2022,1
1530,Milrad2023,1
1531,Dolgopolovas2022,1
1532,Kasibhatla2022,1
1533,Bianchi2023,1
1534,Asfani2024,1
1535,Syaiful2022,1
1536,Canning2025,1
1537,Liu2023,1
1538,Silva2025,1
1539,Vieyra2021,1
1540,Hawes2023,1
1541,Khayut2023,1
1542,Perakis2023,1
1543,Dursun2026,1
1544,Sullivan2023,1
1545,Karlsen2024,1
1546,Patel2022,1
1547,Straton2022,1
1548,Fontanella2024,1
1549,Uzumcu2020,1
1550,Rolfes2021,1
1551,Miramini2023,1
1552,Fabricatore2023,1
1553,Suseelan2022,1
1554,Arar2025,1
1555,Cengiz2025,1
1556,RiveraNovoa2025,1
1557,Kalpokien2025,1
1558,Bianchini2025,1
1559,DAlfonso2025,1
1560,Rong2025,1
1561,Tu2025,1
1562,Oubibi2025,1
1563,Sengar2024,1
1564,Ding2025,1
1565,Mynarczuk2025,1
1566,Schmitt2024,1
1567,Blease2024,1
1568,Lorenz2024,1
1569,Jabali2025,1
1570,Santareno2025,1
1571,Qureshi2025,1
1572,Ronge2025,1
1573,Bhargava2025,1
1574,Khater2025,1
1575,Palmer2025,1
1576,Miao2024,1
1577,Bower2025,1
1578,Storey2025,1
1579,Arcolin2025,1
1580,Ille2024,1
1581,Bell2023,1
1582,Min2025,1
1583,Redaelli2024,1
1584,Umer2024,1
1585,Suliman2024,1
1586,Campbell2025,1
1587,Tran2025,1
1588,Ghanem2025,1
1589,Sharma2025,1
1590,Vitvitskaya2025,1
1591,Okulu2025,1
1592,Phelan2025,1
1593,Hou2025,1
1594,Nan2024,1
1595,Ramnarain2024,1
1596,Yi2025,1
1597,Kizilay2025,1
1598,Bhuyan2025,1
1599,Hirosawa2024,1
1600,Heigl2025,1
1601,Park2024,1
1602,Mohamed2025,1
1603,Coates2025,1
1604,Rajas2025,1
1605,Locke2024,1
1606,Marzano2025,1
1607,AriasPrez2025,1
1608,Peters2025,1
1609,Mao2023,1
1610,Yoon2024,1
1611,Xia2024,1
1612,Hsu2023,1
1613,Prasertphongkun2025,1
1614,King2023,1
1615,Bhatia2025,1
1616,Siddharth2025,1
1617,Wainaina2025,1
1618,Gabidullin2025,1
1619,Kumar2024,1
1620,Rashidieranjbar2025,1
1621,Nguyen2024,1
1622,Barandiaran2025,1
1623,Mallikarjuna2024,1
1624,Phillips2025,1
1625,Lederman2025,1
1626,Lai2025,1
1627,Irish2025,1
1628,Alghamdi2025,1
1629,Huynh2025,1
1630,Ong2025,1
1631,Aljaafreh2025,1
1632,Reason2025,1
1633,Samala2024,1
1634,Qu2024,1
1635,Sahebi2025,1
1636,Cervantes2024,1
1637,Shata2025,1
1638,Mungall2025,1
1639,Eckardt2024,1
1640,Bao2025,1
1641,Katsamakas2024,1
1642,Ferrara2024,1
1643,Breugel2024,1
1644,Lindbck2025,1
1645,Shao2025,1
1646,Martela2025,1
1647,Cooper2024,1
1648,Baig2025,1
1649,Tiwari2025,1
1650,Teichmann2023,1
1651,Yuan2025,1
1652,Kusiak2024,1
1653,Taka2025,1
1654,Kirpalani2025,1
1655,CrdenasMontes2025,1
1656,Pillay2026,1
1657,Silva2026,1
1658,Johnston2024,1
1659,Fetzer2025,1
1660,Primiano2025,1
1661,Bella2024,1
1662,Prajapati2024,1
1663,Anupriya2024,1
1664,Romero2024,1
1665,Merzoug2025,1
1666,Otto2025,1
1667,Yoo2025,1
1668,Omoush2025,1
1669,Mingjie2025,1
1670,FossoWamba2025,1
1671,Bower2024,1
1672,Dermata2025,1
1673,Miao2025,1
1674,Portelance2025,1
1675,French2024,1
1676,Frolov2025,1
1677,Salifu2025,1
1678,Crowe2024,1
1679,Garofalo2024,1
1680,Fung2025,1
1681,Eldawlatly2024,1
1682,Soliman2024,1
1683,Moon2024,1
1684,Bueie2025,1
1685,Schweidtmann2024,1
1686,Amoroso2025,1
1687,Paz2025,1
1688,CampoRuiz2025,1
1689,Haberl2025,1
1690,VzquezMadrigal2024,1
1691,Duong2025,1
1692,Ellis2025,1
1693,Youssef2025,1
1694,Henadirage2024,1
1695,Cantens2024,1
1696,Galaz2025,1
1697,Cui2024,1
1698,Roda2025,1
1699,G2024,1
1700,Masalkhi2025,1
1701,Yin2025,1
1702,MartnezRoln2025,1
1703,Taloni2025,1
1704,Matthay2025,1
1705,Magdy2026,1
1706,Buckley2024,1
1707,MoroVisconti2024,1
1708,MorenoIbarra2024,1
1709,Seth2024,1
1710,Takahashi2024,1
1711,Nadheer2025,1
1712,Yang2024,1
1713,McCormack2024,1
1714,Paladugu2023,1
1715,Dwivedi2025,1
1716,Chakraborti2025,1
1717,Reddy2025,1
1718,Benala2025,1
1719,Westphal2025,1
1720,Marjerison2025,1
1721,Richards2024,1
1722,Verma2025,1
1723,Beheshti2025,1
1724,Mitra2025,1
1725,Figliola2025,1
1726,Bajpai2025,1
1727,Kar2023,1
1728,Boareto2025,1
1729,Xavier2025,1
1730,Andrade2025,1
1731,Bjola2024,1
1732,Vajjhala2025,1
1733,Azad2025,1
1734,Shiraishi2024,1
1735,Lonsdale2024,1
1736,Kanbach2023,1
1737,Duy2025,1
1738,Satpathy2025,1
1739,Mondal2024,1
1740,Egorova2024,1
1741,Balasubramanian2025,1
1742,Ali2023,1
1743,Corts2025,1
1744,AbrokwahLarbi2023,1
1745,Putnoki2024,1
1746,Qin2024,1
1747,Govindaraju2025,1
1748,Caudillo2025,1
1749,Goh2025,1
1750,Pasetti2025,1
1751,Adirim2025,1
1752,Correia2025,1
1753,Kuzin2025,1
1754,Aydogan2025,1
1755,Timmons2025,1
1756,Srivastava2025,1
1757,Engelhardt2024,1
1758,Garland2025,1
1759,Quarteroni2025,1
1760,BaidooAnu2024,1
1761,Fissore2025,1
1762,Isteni2026,1
1763,Hayes2024,1
1764,Genga2025,1
1765,He2024,1
1766,Alsharif2025,1
1767,Salehi2025,1
1768,Ganguly2025,1
1769,Rubera2025,1
1770,Shukla2025,1
1771,Cooper2023,1
1772,Qamar2026,1
1773,Darwish2024,1
1774,Weinfurt2025,1
1775,Krauss2024,1
1776,Rodado2024,1
1777,Uar2025,1
1778,Rubio2024,1
1779,Albukhari2025,1
1780,Lubbe2025,1
1781,Pelez2025,1
1782,Stetson2025,1
1783,Lal2024,1
1784,Panthier2024,1
1785,Yaseen2025,1
1786,Stretton2023,1
1787,Flitcroft2024,1
1788,Ochoa2024,1
1789,Aimara2025,1
1790,Atkinson2024,1
1791,Avello2025,1
1792,Karamyshev2025,1
1793,Alfugaha2025,1
1794,Metakides2025,1
1795,Pang2024,1
1796,Muldoon2025,1
1797,Gazzini2024,1
1798,Vasiliev2025,1
1799,Dolgikh2025,1
1800,Adolph2025,1
1801,Bernardis2025,1
1802,Attia2025,1
1803,Barrett2023,1
1804,Ling2024,1
1805,Saju2025,1
1806,Vadhil2024,1
1807,Reichstein2025,1
1808,Bai2025,1
1809,Schiewe2025,1
1810,Edozie2025,1
1811,Sampson2025,1
1812,Oliveira2025,1
1813,Cropley2025,1
1814,Schwartz2025,1
1815,Mensch2025,1
1816,Herrera2025,1
1817,Gregory2025,1
1818,Gohr2025,1
1819,Amin2024,1
1820,Hua2025,1
1821,Gottschling2025,1
1822,Son2025,1
1823,Topping2025,1
1824,Harb2024,1
1825,AlMakinah2024,1
1826,Oria2025,1
1827,Peruchini2024,1
1828,Conde2024,1
1829,Grzybowski2025,1
1830,Almaaitah2025,1
1831,Warner2025,1
1832,Ramteke2024,1
1833,Marriwala2026,1
1834,David2025,1
1835,Zhan2025,1
1836,Radulesco2025,1
1837,Moroz2024,1
1838,Liao2025,1
1839,Zgurovsky2025,1
1840,Iranmanesh2024,1
1841,Nicoletti2025,1
1842,Takeuchi2025,1
1843,Dijk2026,1
1844,Brailas2024,1
1845,Silvestro2025,1
1846,Dickey2024,1
1847,nal2025,1
1848,Ashruf2025,1
1849,Venkataiah2025,1
1850,Bharambe2024,1
1851,Aalst2025,1
1852,Abulkassova2025,1
1853,Batz2025,1
1854,Zidouemba2025,1
1855,Vivian2025,1
1856,TetteyEngmann2025,1
1857,DOnofrio2024,1
1858,Faroldi2024,1
1859,Ramesh2025,1
1860,Anjaneyulu2024,1
1861,Zuo2024,1
1862,Alshehade2026,1
1863,Bhuyan2024,1
1864,Fettke2025,1
1865,Kobara2025,1
1866,Varayil2025,1
1867,Semenov2023,1
1868,VeranoTacoronte2025,1
1869,Lima2024,1
1870,Alter2024,1
1871,Xames2025,1
1872,Ioanid2024,1
1873,Mahale2025,1
1874,Schlegel2025,1
1875,Grebenshchikova2024,1
1876,Ziakis2024,1
1877,Beck2025,1
1878,Martnez2024,1
1879,Singh2023,1
1880,Hodges2023,1
1881,Chadha2025,1
1882,Checketts2025,1
1883,Kant2025,1
1884,Murch2025,1
1885,Dua2025,1
1886,Lewis2025,1
1887,Myhre2025,1
1888,Malik2025,1
1889,Jalloh2024,1
1890,Popok2024,1
1891,Sgantzos2024,1
1892,Malja2025,1
1893,Ventura2025,1
1894,Chew2025,1
1895,Kavousipour2025,1
1896,Rani2025,1
1897,Hueso2024,1
1898,Sehgal2025,1
1899,Krueger2025,1
1900,RamrezMontoya2024,1
1901,Petrakis2025,1
1902,Cascella2023,1
1903,Ferreira2025,1
1904,Nelu2024,1
1905,Barthelme2024,1
1906,EmmertStreib2024,1
1907,Aksinina2025,1
1908,Lehto2025,1
1909,Varghese2024,1
1910,AlDaghstany2025,1
1911,Nogueira2024,1
1912,Baucon2024,1
1913,Cesaro2025,1
1914,Chein2024,1
1915,Rubinstein2025,1
1916,Raman2025,1
1917,Giuntella2025,1
1918,Mundinger2025,1
1919,Qin2025,1
1920,Sutanto2025,1
1921,Ambrosini2024,1
1922,Tokuyasu2025,1
1923,Herrie2024,1
1924,Jaboob2024,1
1925,Wellbrock2025,1
1926,Mu2025,1
1927,Far2024,1
1928,Islam2025,1
1929,Licht2024,1
1930,Abarna2025,1
1931,Bischoff2025,1
1932,Marsoof2025,1
1933,Krilaviius2025,1
1934,Sebastian2024,1
1935,Hunter2025,1
1936,Wei2025,1
1937,MoroVisconti2025,1
1938,Munshi2025,1
1939,Erdemir2025,1
1940,Farhad2024,1
1941,Finzel2025,1
1942,Cheng2026,1
1943,Kang2025,1
1944,Kotkondawar2025,1
1945,Pairolero2025,1
1946,CampsValls2025,1
1947,AlSagri2024,1
1948,ajczak2024,1
1949,Ding2024,1
1950,Luong2024,1
1951,Medina2025,1
1952,Gokce2024,1
1953,Bhattacharyya2025,1
1954,Bellini2024,1
1955,Peles2024,1
1956,Orwat2024,1
1957,Fountzilas2025,1
1958,Erdat2025,1
1959,Dutta2025,1
1960,Jiang2024,1
1961,Durmu2024,1
1962,Dadaboyev2025,1
1963,Sundararajan2025,1
1964,Vishwas2025,1
1965,Quarin2025,1
1966,Hao2025,1
1967,Wells2025,1
1968,Mabirizi2025,1
1969,Winter2025,1
1970,Cibotaru2024,1
1971,Terry2025,1
1972,Zemtsov2024,1
1973,Suchikova2025,1
1974,Khan2024,1
1975,OspinaGmez2025,1
1976,Lewis2024,1
1977,East2025,1
1978,Raymond2025,1
1979,Cordeiro2024,1
1980,Petricini2024,1
1981,Dakshinamoorthy2025,1
1982,Bashkami2024,1
1983,Rosli2025,1
1984,Wirtz2024,1
1985,Koker2024,1
1986,Nikolaev2025,1
1987,Cash2025,1
1988,Amponsah2024,1
1989,Regondi2025,1
1990,MillanVargas2025,1
1991,Brindha2025,1
1992,Liso2024,1
1993,Bergquist2025,1
1994,Taulli2025,1
1995,SmithMutegi2025,1
1996,Kves2024,1
1997,Filho2025,1
1998,Shkolyar2024,1
1999,Teoman2024,1
2000,Kudeli2025,1
2001,Omar2025,1
2002,Arab2025,1
2003,Dring2024,1
2004,Gordienko2025,1
2005,Malmio2024,1
2006,Mahmood2024,1
2007,Darnell2024,1
2008,Chun2025,1
2009,Chatterjee2024,1
2010,Chudaeva2025,1
2011,Lam2025,1
2012,Shorin2023,1
2013,Rath2024,1
2014,Ao2025,1
2015,Anibal2025,1
2016,Frling2024,1
2017,GarcaReyes2025,1
2018,Chigozie2025,1
2019,Ozili2025,1
2020,Aghaei2025,1
2021,Bobier2025,1
2022,Rozhkova2025,1
2023,Etemad2025,1
2024,Zeleneva2025,1
2025,Papuc2024,1
2026,Ezegwu2025,1
2027,Bikkasani2024,1
2028,TorresMartnez2025,1
2029,Afoma2025,1
2030,Sakamoto2025,1
2031,Jang2025,1
2032,Cao2024,1
2033,BaraybarFernndez2025,1
2034,Takita2025,1
2035,Vassileva2025,1
2036,Schmidl2025,1
2037,Wild2025,1
2038,Foltean2025,1
2039,Chaput2025,1
2040,Ishola2025,1
2041,Sreemathy2024,1
2042,Teodoro2025,1
2043,Gustrowsky2024,1
2044,Bouiti2025,1
2045,Alhaif2025,1
2046,Jang2024,1
2047,Ricon2025,1
2048,Bloor2025,1
2049,MaldonadoCanca2024,1
2050,Bindra2023,1
2051,Jani2025,1
2052,PerezLopez2024,1
2053,Houssein2025,1
2054,Terziyan2025,1
2055,Arrooqi2025,1
2056,Kse2025,1
2057,Haber2025,1
2058,Kaur2025,1
2059,Bhattacharjee2025,1
2060,Sideri2025,1
2061,Pollock2025,1
2062,Martagan2025,1
2063,Shang2024,1
2064,Uriarte2025,1
2065,Elalouf2025,1
2066,Samiun2025,1
2067,Hays2024,1
2068,Edler2025,1
2069,Gu2023,1
2070,Hicham2025,1
2071,Rabe2024,1
2072,DuezGuzmn2023,1
2073,Bacon2024,1
2074,Linardon2025,1
2075,Krzywdzinski2025,1
2076,Dinov2024,1
2077,Yazdi2025,1
2078,Dewaker2025,1
2079,Sood2024,1
2080,Waisberg2024,1
2081,Abdulmuhsin2025,1
2082,RodriguezFernandez2025,1
2083,Hanassab2024,1
2084,Vasimalla2026,1
2085,Tran2024,1
2086,Hui2024,1
2087,Shakhovska2025,1
2088,Teodosio2025,1
2089,Cochrane2025,1
2090,Vanderheiden2025,1
2091,AcostaEnriquez2025,1
2092,dAngella2025,1
2093,Elmholdt2025,1
2094,Marshall2025,1
2095,Mycka2024,1
2096,Patil2025,1
2097,Ranjan2025,1
2098,Singhal2025,1
2099,Weiand2025,1
2100,Samui2025,1
2101,Dhaka2024,1
2102,Gotte2025,1
2103,Wood2025,1
2104,AlDahoul2025,1
2105,Yen2025,1
2106,Wrsdrfer2023,1
2107,Veitch2024,1
2108,Lancaster2023,1
2109,Rebelo2025,1
2110,Hine2024,1
2111,Wilhelm2024,1
2112,Yinghui2025,1
2113,Ozturk2025,1
2114,Humm2025,1
2115,Longo2024,1
2116,Karn2025,1
2117,Mavundla2025,1
2118,Iordachita2025,1
2119,PrezEnciso2025,1
2120,Szadeczky2025,1
2121,Canatan2025,1
2122,Jiang2025,1
2123,Teo2024,1
2124,DAmico2025,1
2125,Selvam2025,1
2126,Lira2026,1
2127,Garza2025,1
2128,Sahebi2024,1
2129,Malas2024,1
2130,Hofmann2025,1
2131,Alqahtani2025,1
2132,Samokhodkin2025,1
2133,Sugumaran2025,1
2134,Zoubi2025,1
2135,Trzaska2025,1
2136,Banihashem2025,1
2137,Song2023,1
2138,Domanic2025,1
2139,Rosen2024,1
2140,Alwaqdani2024,1
2141,Nakonechnyi2025,1
2142,Uribe2025,1
2143,Santaella2024,1
